Ano;Mes;Cliente;Procedimento;Quantidade;Data
2022;1;PARTICULAR;RM;16;2022-01-01
2022;1;PARTICULAR;MAMO;7;2022-01-01
2022;1;CONVENIO;RM;3;2022-01-01
2022;1;CONVENIO;MAMO;8;2022-01-01
2022;1;SUS;HISTERO;5;2022-01-01
2022;2;SUS;ULTRASOM;32;2022-02-01
2022;2;SUS;COLO;1;2022-02-01
2022;2;CONVENIO;COLO;7;2022-02-01
2022;2;CONVENIO;EDA;3;2022-02-01
2022;2;CONVENIO;MAMO;15;2022-02-01
2022;2;CONVENIO;ULTRASOM;169;2022-02-01
2022;2;CONVENIO;HOLTER;9;2022-02-01
2022;2;SUS;BIOPSIA;2;2022-02-01
2022;2;CONVENIO;ECG;22;2022-02-01
2022;2;CONVENIO;EEG;2;2022-02-01
2022;2;CONVENIO;ECO;61;2022-02-01
2022;2;PARTICULAR;HISTERO;1;2022-02-01
2022;2;CONVENIO;MAPA;11;2022-02-01
2022;2;SUS;EDA;8;2022-02-01
2022;2;SUS;HISTERO;3;2022-02-01
2022;2;PARTICULAR;COLO;6;2022-02-01
2022;2;PARTICULAR;ECO;27;2022-02-01
2022;2;PARTICULAR;EEG;4;2022-02-01
2022;2;PARTICULAR;ECG;11;2022-02-01
2022;2;PARTICULAR;TESTEERGOMÉTRICO;16;2022-02-01
2022;2;PARTICULAR;HOLTER;8;2022-02-01
2022;2;PARTICULAR;MAPA;2;2022-02-01
2022;2;PARTICULAR;ULTRASOM;112;2022-02-01
2022;2;PARTICULAR;RM;24;2022-02-01
2022;2;PARTICULAR;MAMO;27;2022-02-01
2022;2;PARTICULAR;EDA;13;2022-02-01
2022;2;PARTICULAR;COLO;4;2022-02-01
2022;2;PARTICULAR;RAIOX;19;2022-02-01
2022;2;SUS;RAIOX;7;2022-02-01
2022;2;PARTICULAR;EDA;9;2022-02-01
2022;2;PARTICULAR;ULTRASOM;119;2022-02-01
2022;2;PARTICULAR;POLISSO;1;2022-02-01
2022;2;PARTICULAR;ECG;19;2022-02-01
2022;2;PARTICULAR;HOLTER;6;2022-02-01
2022;2;PARTICULAR;MAPA;8;2022-02-01
2022;2;PARTICULAR;ULTRASOM;106;2022-02-01
2022;2;PARTICULAR;RM;16;2022-02-01
2022;2;PARTICULAR;MAMO;20;2022-02-01
2022;2;PARTICULAR;EDA;13;2022-02-01
2022;2;PARTICULAR;RAIOX;32;2022-02-01
2022;2;PARTICULAR;POLISSO;1;2022-02-01
2022;2;CONVENIO;ECO;32;2022-02-01
2022;2;CONVENIO;EEG;5;2022-02-01
2022;2;CONVENIO;ECG;27;2022-02-01
2022;2;CONVENIO;HOLTER;6;2022-02-01
2022;2;PARTICULAR;MAMO;12;2022-02-01
2022;2;CONVENIO;MAPA;6;2022-02-01
2022;2;CONVENIO;RM;9;2022-02-01
2022;2;CONVENIO;MAMO;24;2022-02-01
2022;2;CONVENIO;EDA;10;2022-02-01
2022;2;CONVENIO;RAIOX;43;2022-02-01
2022;2;SUS;ULTRASOM;2;2022-02-01
2022;2;SUS;ULTRASOM;4;2022-02-01
2022;2;SUS;EDA;66;2022-02-01
2022;2;SUS;HISTERO;2;2022-02-01
2022;2;PARTICULAR;ECO;26;2022-02-01
2022;2;PARTICULAR;EEG;3;2022-02-01
2022;2;PARTICULAR;ECG;29;2022-02-01
2022;2;PARTICULAR;HOLTER;6;2022-02-01
2022;2;PARTICULAR;MAPA;4;2022-02-01
2022;2;CONVENIO;ULTRASOM;192;2022-02-01
2022;2;CONVENIO;ECO;42;2022-02-01
2022;2;CONVENIO;TESTEERGOMÉTRICO;5;2022-02-01
2022;2;CONVENIO;ECG;30;2022-02-01
2022;2;CONVENIO;EDA;1;2022-02-01
2022;2;CONVENIO;COLO;2;2022-02-01
2022;2;CONVENIO;RAIOX;59;2022-02-01
2022;2;SUS;ECO;1;2022-02-01
2022;2;SUS;EDA;38;2022-02-01
2022;2;SUS;RAIOX;32;2022-02-01
2022;2;SUS;HISTERO;4;2022-02-01
2022;2;SUS;POLISSO;2;2022-02-01
2022;2;PARTICULAR;ECO;12;2022-02-01
2022;2;PARTICULAR;EEG;5;2022-02-01
2022;2;PARTICULAR;ECG;12;2022-02-01
2022;2;PARTICULAR;HOLTER;4;2022-02-01
2022;2;PARTICULAR;MAPA;4;2022-02-01
2022;2;CONVENIO;MAMO;12;2022-02-01
2022;2;PARTICULAR;RM;15;2022-02-01
2022;2;PARTICULAR;EDA;15;2022-02-01
2022;2;PARTICULAR;COLO;6;2022-02-01
2022;2;PARTICULAR;RAIOX;42;2022-02-01
2022;2;CONVENIO;ECO;25;2022-02-01
2022;2;CONVENIO;EEG;3;2022-02-01
2022;2;CONVENIO;ECG;15;2022-02-01
2022;2;CONVENIO;HOLTER;6;2022-02-01
2022;2;CONVENIO;MAPA;3;2022-02-01
2022;2;CONVENIO;RM;9;2022-02-01
2022;2;CONVENIO;MAMO;19;2022-02-01
2022;2;CONVENIO;EDA;9;2022-02-01
2022;2;CONVENIO;COLO;9;2022-02-01
2022;2;CONVENIO;RAIOX;45;2022-02-01
2022;2;PARTICULAR;MAMO;16;2022-02-01
2022;2;CONVENIO;RM;11;2022-02-01
2022;2;CONVENIO;ULTRASOM;125;2022-02-01
2022;2;CONVENIO;MAPA;5;2022-02-01
2022;2;PARTICULAR;EEG;4;2022-02-01
2022;2;CONVENIO;HOLTER;3;2022-02-01
2022;2;CONVENIO;MAPA;7;2022-02-01
2022;2;CONVENIO;ULTRASOM;152;2022-02-01
2022;2;CONVENIO;RM;13;2022-02-01
2022;2;CONVENIO;MAMO;16;2022-02-01
2022;2;CONVENIO;EDA;3;2022-02-01
2022;2;CONVENIO;COLO;4;2022-02-01
2022;2;CONVENIO;RAIOX;79;2022-02-01
2022;2;SUS;BIOPSIA;3;2022-02-01
2022;2;SUS;EDA;19;2022-02-01
2022;2;SUS;RAIOX;1;2022-02-01
2022;2;SUS;HISTERO;1;2022-02-01
2022;2;BIOPSIAPT;BIOPSIA;1;2022-02-01
2022;2;PARTICULAR;ECO;33;2022-02-01
2022;2;PARTICULAR;EEG;2;2022-02-01
2022;2;PARTICULAR;ECG;30;2022-02-01
2022;2;PARTICULAR;HOLTER;5;2022-02-01
2022;2;PARTICULAR;MAPA;9;2022-02-01
2022;2;PARTICULAR;ULTRASOM;104;2022-02-01
2022;2;PARTICULAR;RM;21;2022-02-01
2022;2;PARTICULAR;MAMO;13;2022-02-01
2022;2;PARTICULAR;EDA;9;2022-02-01
2022;2;PARTICULAR;COLO;8;2022-02-01
2022;2;PARTICULAR;RAIOX;34;2022-02-01
2022;2;CONVENIO;ECO;32;2022-02-01
2022;2;CONVENIO;EEG;2;2022-02-01
2022;2;CONVENIO;ECG;15;2022-02-01
2022;2;CONVENIO;HOLTER;4;2022-02-01
2022;2;CONVENIO;EEG;5;2022-02-01
2022;2;PARTICULAR;ECO;21;2022-02-01
2022;2;CONVENIO;COLO;2;2022-02-01
2022;2;SUS;HISTERO;4;2022-02-01
2022;2;CONVENIO;TESTEERGOMÉTRICO;4;2022-02-01
2022;2;CONVENIO;MAPA;1;2022-02-01
2022;2;CONVENIO;ULTRASOM;41;2022-02-01
2022;2;CONVENIO;RM;4;2022-02-01
2022;2;CONVENIO;MAMO;9;2022-02-01
2022;2;CONVENIO;EDA;2;2022-02-01
2022;2;SUS;ECO;3;2022-02-01
2022;2;SUS;TESTEERGOMÉTRICO;2;2022-02-01
2022;2;SUS;POLISSO;2;2022-02-01
2022;2;PARTICULAR;ECG;28;2022-02-01
2022;2;PARTICULAR;TESTEERGOMÉTRICO;15;2022-02-01
2022;2;PARTICULAR;HOLTER;12;2022-02-01
2022;2;PARTICULAR;MAPA;10;2022-02-01
2022;2;CONVENIO;ECG;2;2022-02-01
2022;2;PARTICULAR;ULTRASOM;68;2022-02-01
2022;2;PARTICULAR;RM;30;2022-02-01
2022;2;PARTICULAR;MAMO;12;2022-02-01
2022;2;PARTICULAR;EDA;4;2022-02-01
2022;2;PARTICULAR;COLO;1;2022-02-01
2022;2;PARTICULAR;RAIOX;44;2022-02-01
2022;2;PARTICULAR;HISTERO;1;2022-02-01
2022;2;CONVENIO;ECO;29;2022-02-01
2022;2;CONVENIO;ECG;17;2022-02-01
2022;2;CONVENIO;TESTEERGOMÉTRICO;7;2022-02-01
2022;2;CONVENIO;HOLTER;6;2022-02-01
2022;2;CONVENIO;MAPA;3;2022-02-01
2022;2;CONVENIO;ULTRASOM;93;2022-02-01
2022;2;CONVENIO;RM;14;2022-02-01
2022;2;PARTICULAR;BIOPSIA;2;2022-02-01
2022;2;CONVENIO;ECO;22;2022-02-01
2022;2;SUSSÃOSEBASTIÃO;HISTERO;1;2022-02-01
2022;2;PARTICULAR;EDA;6;2022-02-01
2022;2;PARTICULAR;ULTRASOM;16;2022-02-01
2022;2;PARTICULAR;RM;9;2022-02-01
2022;2;PARTICULAR;MAMO;6;2022-02-01
2022;2;PARTICULAR;COLO;1;2022-02-01
2022;2;CONVENIO;ULTRASOM;2;2022-02-01
2022;2;CONVENIO;RM;11;2022-02-01
2022;2;CONVENIO;MAMO;13;2022-02-01
2022;2;SUSSÃOSEBASTIÃO;HISTERO;2;2022-02-01
2022;2;PARTICULAR;ECO;13;2022-02-01
2022;2;PARTICULAR;ULTRASOM;41;2022-02-01
2022;2;PARTICULAR;RM;22;2022-02-01
2022;2;PARTICULAR;MAMO;9;2022-02-01
2022;2;PARTICULAR;COLO;1;2022-02-01
2022;2;SUSSÃOSEBASTIÃO;HISTERO;10;2022-02-01
2022;2;CONVENIO;ECO;34;2022-02-01
2022;2;CONVENIO;ECG;2;2022-02-01
2022;2;CONVENIO;ULTRASOM;22;2022-02-01
2022;2;CONVENIO;RM;5;2022-02-01
2022;2;CONVENIO;MAMO;9;2022-02-01
2022;2;CONVENIO;HISTERO;1;2022-02-01
2022;2;PARTICULAR;ECO;18;2022-02-01
2022;2;PARTICULAR;ECG;12;2022-02-01
2022;2;PARTICULAR;TESTEERGOMÉTRICO;6;2022-02-01
2022;2;PARTICULAR;HOLTER;3;2022-02-01
2022;2;PARTICULAR;MAPA;3;2022-02-01
2022;2;PARTICULAR;ULTRASOM;27;2022-02-01
2022;2;PARTICULAR;BIOPSIA;1;2022-02-01
2022;2;PARTICULAR;RM;24;2022-02-01
2022;2;PARTICULAR;MAMO;14;2022-02-01
2022;2;CONVENIO;MAMO;22;2022-02-01
2022;2;CONVENIO;EDA;2;2022-02-01
2022;2;PARTICULAR;ECO;20;2022-02-01
2022;2;CONVENIO;RAIOX;25;2022-02-01
2022;2;SUS;EDA;5;2022-02-01
2022;2;SUS;RAIOX;6;2022-02-01
2022;2;SUS;POLISSO;1;2022-02-01
2022;2;PARTICULAR;ECO;18;2022-02-01
2022;2;PARTICULAR;EEG;1;2022-02-01
2022;2;PARTICULAR;ECG;20;2022-02-01
2022;2;PARTICULAR;HOLTER;5;2022-02-01
2022;2;PARTICULAR;MAPA;3;2022-02-01
2022;2;PARTICULAR;ULTRASOM;117;2022-02-01
2022;2;PARTICULAR;RM;20;2022-02-01
2022;2;PARTICULAR;MAMO;11;2022-02-01
2022;2;PARTICULAR;EDA;6;2022-02-01
2022;2;PARTICULAR;RAIOX;24;2022-02-01
2022;2;SUS;ULTRASOM;4;2022-02-01
2022;2;PARTICULAR;HISTERO;1;2022-02-01
2022;2;CONVENIO;EEG;1;2022-02-01
2022;2;CONVENIO;ECG;20;2022-02-01
2022;2;CONVENIO;HOLTER;2;2022-02-01
2022;2;CONVENIO;MAPA;6;2022-02-01
2022;2;CONVENIO;COLO;2;2022-02-01
2022;2;CONVENIO;RM;21;2022-02-01
2022;2;CONVENIO;MAMO;18;2022-02-01
2022;2;CONVENIO;EDA;6;2022-02-01
2022;2;CONVENIO;COLO;1;2022-02-01
2022;2;CONVENIO;RAIOX;30;2022-02-01
2022;2;SUS;ULTRASOM;46;2022-02-01
2022;2;SUS;EDA;18;2022-02-01
2022;2;SUS;RAIOX;9;2022-02-01
2022;2;CONVENIO;ECO;28;2022-02-01
2022;2;SUS;RM;1;2022-02-01
2022;2;CONVENIO;ULTRASOM;119;2022-02-01
2022;2;CONVENIO;COLO;5;2022-02-01
2022;2;CONVENIO;RAIOX;59;2022-02-01
2022;2;BIOPSIAPART;ULTRASOM;2;2022-02-01
2022;2;SUS;ECO;1;2022-02-01
2022;2;SUS;ULTRASOM;31;2022-02-01
2022;2;SUS;RAIOX;4;2022-02-01
2022;2;SUS;HISTERO;6;2022-02-01
2022;2;SUS;POLISSO;2;2022-02-01
2022;2;PARTICULAR;ECO;13;2022-02-01
2022;2;PARTICULAR;TESTEERGOMÉTRICO;9;2022-02-01
2022;2;PARTICULAR;HOLTER;4;2022-02-01
2022;2;PARTICULAR;MAPA;5;2022-02-01
2022;2;PARTICULAR;ULTRASOM;66;2022-02-01
2022;2;PARTICULAR;BIOPSIA;2;2022-02-01
2022;2;PARTICULAR;RM;22;2022-02-01
2022;2;PARTICULAR;ECG;18;2022-02-01
2022;2;PARTICULAR;EDA;7;2022-02-01
2022;2;PARTICULAR;MAMO;10;2022-02-01
2022;2;CONVENIO;MAMO;23;2022-02-01
2022;2;CONVENIO;RM;12;2022-02-01
2022;2;CONVENIO;ULTRASOM;147;2022-02-01
2022;2;CONVENIO;MAPA;9;2022-02-01
2022;2;CONVENIO;EDA;7;2022-02-01
2022;2;CONVENIO;TESTEERGOMÉTRICO;11;2022-02-01
2022;2;CONVENIO;HOLTER;10;2022-02-01
2022;2;CONVENIO;ECO;28;2022-02-01
2022;2;PARTICULAR;POLISSO;1;2022-02-01
2022;2;PARTICULAR;RAIOX;40;2022-02-01
2022;2;PARTICULAR;COLO;2;2022-02-01
2022;2;CONVENIO;ECG;18;2022-02-01
2023;1;CONVENIO;RM;8;2023-01-01
2023;1;CONVENIO;ULTRASOM;139;2023-01-01
2023;1;CONVENIO;MAMO;11;2023-01-01
2023;1;CONVENIO;EDA;8;2023-01-01
2023;1;CONVENIO;COLONO;3;2023-01-01
2023;1;CONVENIO;RAIOX;44;2023-01-01
2023;1;SUS;HISTERO;2;2023-01-01
2023;1;SUS;EEG;3;2023-01-01
2023;1;SUS;EDA;20;2023-01-01
2023;1;SUS;COLONO;32;2023-01-01
2023;1;SUS;RAIOX;21;2023-01-01
2023;1;CONVENIO;MAPA;6;2023-01-01
2023;1;SUS;POLISSO;3;2023-01-01
2023;1;CONVENIO;POLISSO;1;2023-01-01
2023;1;CONVENIO;HOLTER;4;2023-01-01
2023;1;PARTICULAR;MAMO;7;2023-01-01
2023;1;CONVENIO;ECG;15;2023-01-01
2023;1;CONVENIO;TESTEERGOMÉTRICO;6;2023-01-01
2023;1;PARTICULAR;ECO;22;2023-01-01
2023;1;PARTICULAR;EEG;3;2023-01-01
2023;1;PARTICULAR;ECG;11;2023-01-01
2023;1;PARTICULAR;HOLTER;3;2023-01-01
2023;1;PARTICULAR;ULTRASOM;74;2023-01-01
2023;1;PARTICULAR;TESTEERGOMÉTRICO;5;2023-01-01
2023;1;PARTICULAR;EDA;11;2023-01-01
2023;1;PARTICULAR;COLONO;3;2023-01-01
2023;1;PARTICULAR;RAIOX;42;2023-01-01
2023;1;PARTICULAR;HISTERO;2;2023-01-01
2023;1;CONVENIO;ECO;28;2023-01-01
2023;1;PARTICULAR;RM;29;2023-01-01
2023;2;CONVENIO;HOLTER;4;2023-02-01
2023;2;CONVENIO;ECO;30;2023-02-01
2023;2;CONVENIO;EEG;5;2023-02-01
2023;2;CONVENIO;ECG;11;2023-02-01
2023;2;CONVENIO;TESTEERGOMÉTRICO;3;2023-02-01
2023;2;CONVENIO;MAPA;1;2023-02-01
2023;2;BIOPSIAPT;ULTRASOM;2;2023-02-01
2023;2;CONVENIO;RM;9;2023-02-01
2023;2;CONVENIO;MAMO;18;2023-02-01
2023;2;CONVENIO;COLO;5;2023-02-01
2023;2;CONVENIO;RAIOX;39;2023-02-01
2023;2;SUS;COLO;2;2023-02-01
2023;2;SUS;POLISSO;2;2023-02-01
2023;2;CONVENIO;ULTRASOM;149;2023-02-01
2023;2;SUS;RAIOX;43;2023-02-01
2023;2;CONVENIO;EDA;5;2023-02-01
2023;2;SUS;EDA;15;2023-02-01
2023;2;PARTICULAR;ECO;14;2023-02-01
2023;2;PARTICULAR;EEG;5;2023-02-01
2023;2;PARTICULAR;ECG;17;2023-02-01
2023;2;PARTICULAR;TESTEERGOMÉTRICO;5;2023-02-01
2023;2;PARTICULAR;HOLTER;4;2023-02-01
2023;2;PARTICULAR;MAPA;2;2023-02-01
2023;2;PARTICULAR;ULTRASOM;82;2023-02-01
2023;2;SUS;COLO;40;2023-02-01
2023;2;PARTICULAR;RM;27;2023-02-01
2023;2;PARTICULAR;MAMO;7;2023-02-01
2023;2;PARTICULAR;EDA;9;2023-02-01
2023;2;PARTICULAR;COLO;5;2023-02-01
2023;2;PARTICULAR;RAIOX;30;2023-02-01
2023;2;SUS;ULTRASOM;3;2023-02-01
2023;2;PARTICULAR;BIOPSIA;2;2023-02-01
2023;3;CONVENIO;COLPOSCOPIA;8;2023-03-01
2023;3;CONVENIO;MAPA;210;2023-03-01
2023;3;CONVENIO;BIOPSIA;8;2023-03-01
2023;3;CONVENIO;RM;16;2023-03-01
2023;3;CONVENIO;MAMO;12;2023-03-01
2023;3;CONVENIO;EDA;10;2023-03-01
2023;3;CONVENIO;COLO;47;2023-03-01
2023;3;SUS;ECO;1;2023-03-01
2023;3;SUS;HISTERO;1;2023-03-01
2023;3;SUS;EDA;1;2023-03-01
2023;3;SUS;ECO;1;2023-03-01
2023;3;SUS;MAPA;2;2023-03-01
2023;3;SUS;ULTRASOM;2;2023-03-01
2023;3;SUS;EDA;67;2023-03-01
2023;3;SUS;COLO;160;2023-03-01
2023;3;CONVENIO;HOLTER;6;2023-03-01
2023;3;SUS;EEG;1;2023-03-01
2023;3;CONVENIO;TESTEERGOMÉTRICO;7;2023-03-01
2023;3;SUS;MAMO;12;2023-03-01
2023;3;CONVENIO;EEG;28;2023-03-01
2023;3;PARTICULAR;ESPIRO;20;2023-03-01
2023;3;CONVENIO;ECG;7;2023-03-01
2023;3;PARTICULAR;EEG;20;2023-03-01
2023;3;PARTICULAR;ECG;9;2023-03-01
2023;3;PARTICULAR;TESTEERGOMÉTRICO;6;2023-03-01
2023;3;PARTICULAR;HOLTER;4;2023-03-01
2023;3;PARTICULAR;MAPA;84;2023-03-01
2023;3;PARTICULAR;ULTRASOM;3;2023-03-01
2023;3;PARTICULAR;ECO;5;2023-03-01
2023;3;PARTICULAR;RM;11;2023-03-01
2023;3;PARTICULAR;MAMO;7;2023-03-01
2023;3;PARTICULAR;EDA;2;2023-03-01
2023;3;PARTICULAR;COLO;44;2023-03-01
2023;3;PARTICULAR;COLPOSCOPIA;4;2023-03-01
2023;3;CONVENIO;ESPIRO;41;2023-03-01
2023;3;CONVENIO;ECO;4;2023-03-01
2023;3;PARTICULAR;BIOPSIA;39;2023-03-01
2023;4;CONVENIO;TESTEERGOMÉTRICO;9;2023-04-01
2023;4;CONVENIO;HOLTER;7;2023-04-01
2023;4;CONVENIO;MAPA;5;2023-04-01
2023;4;CONVENIO;ULTRASOM;152;2023-04-01
2023;4;CONVENIO;RM;13;2023-04-01
2023;4;CONVENIO;MAMO;13;2023-04-01
2023;4;SUS;ULTRASOM;1;2023-04-01
2023;4;CONVENIO;COLONO;5;2023-04-01
2023;4;CONVENIO;RAIOX;45;2023-04-01
2023;4;SUS;MAMO;1;2023-04-01
2023;4;SUS;EDA;2;2023-04-01
2023;4;SUS;COLONO;1;2023-04-01
2023;4;SUS;RAIOX;69;2023-04-01
2023;4;CONVENIO;EDA;3;2023-04-01
2023;4;CONVENIO;ECG;15;2023-04-01
2023;4;CONVENIO;ECO;59;2023-04-01
2023;4;PARTICULAR;RAIOX;25;2023-04-01
2023;4;CONVENIO;EEG;1;2023-04-01
2023;4;PARTICULAR;ECO;14;2023-04-01
2023;4;PARTICULAR;EEG;4;2023-04-01
2023;4;PARTICULAR;TESTEERGOMÉTRICO;11;2023-04-01
2023;4;PARTICULAR;HOLTER;12;2023-04-01
2023;4;PARTICULAR;MAPA;7;2023-04-01
2023;4;PARTICULAR;ECG;19;2023-04-01
2023;4;PARTICULAR;BIOPSIA;1;2023-04-01
2023;4;PARTICULAR;RM;13;2023-04-01
2023;4;PARTICULAR;MAMO;2;2023-04-01
2023;4;PARTICULAR;EDA;5;2023-04-01
2023;4;PARTICULAR;COLONO;4;2023-04-01
2023;4;PARTICULAR;ULTRASOM;72;2023-04-01
2023;5;CONVENIO;TESTEERGOMÉTRICO;9;2023-05-01
2023;5;PARTICULAR;RAIOX;86;2023-05-01
2023;5;PARTICULAR;COLPOSCOPIA;2;2023-05-01
2023;5;CONVENIO;ECO;46;2023-05-01
2023;5;CONVENIO;EEG;5;2023-05-01
2023;5;CONVENIO;ECG;25;2023-05-01
2023;5;CONVENIO;HOLTER;15;2023-05-01
2023;5;CONVENIO;RAIOX;44;2023-05-01
2023;5;CONVENIO;ULTRASOM;211;2023-05-01
2023;5;CONVENIO;RM;20;2023-05-01
2023;5;CONVENIO;MAMO;18;2023-05-01
2023;5;CONVENIO;EDA;3;2023-05-01
2023;5;CONVENIO;COLO;2;2023-05-01
2023;5;PARTICULAR;COLO;1;2023-05-01
2023;5;CONVENIO;MAPA;8;2023-05-01
2023;5;PARTICULAR;EDA;2;2023-05-01
2023;5;SUS;TESTEERGOMÉTRICO;2;2023-05-01
2023;5;PARTICULAR;RM;30;2023-05-01
2023;5;SUS;ULTRASOM;3;2023-05-01
2023;5;SUS;EDA;1;2023-05-01
2023;5;SUS;COLO;2;2023-05-01
2023;5;SUS;RAIOX;187;2023-05-01
2023;5;SUS;POLISSO;3;2023-05-01
2023;5;SUSBIOPSIA;ULTRASOM;2;2023-05-01
2023;5;PARTICULAR;ECO;24;2023-05-01
2023;5;PARTICULAR;MAMO;9;2023-05-01
2023;5;PARTICULAR;ECG;28;2023-05-01
2023;5;PARTICULAR;TESTEERGOMÉTRICO;5;2023-05-01
2023;5;PARTICULAR;HOLTER;11;2023-05-01
2023;5;PARTICULAR;MAPA;4;2023-05-01
2023;5;PARTICULAR;ULTRASOM;67;2023-05-01
2023;5;PARTICULAR;BIOPSIA;2;2023-05-01
2023;5;PARTICULAR;EEG;4;2023-05-01
2023;6;PARTICULAR;COLO;10;2023-06-01
2023;6;PARTICULAR;RAIOX;32;2023-06-01
2023;6;PARTICULAR;HISTERO;2;2023-06-01
2023;6;CONVENIO;ECO;43;2023-06-01
2023;6;CONVENIO;EEG;4;2023-06-01
2023;6;CONVENIO;ECG;28;2023-06-01
2023;6;CONVENIO;TESTEERGOMÉTRICO;4;2023-06-01
2023;6;CONVENIO;RM;20;2023-06-01
2023;6;CONVENIO;MAPA;14;2023-06-01
2023;6;CONVENIO;ULTRASOM;195;2023-06-01
2023;6;CONVENIO;MAMO;19;2023-06-01
2023;6;CONVENIO;EDA;16;2023-06-01
2023;6;CONVENIO;COLO;10;2023-06-01
2023;6;PARTICULAR;EDA;8;2023-06-01
2023;6;CONVENIO;POLISSO;2;2023-06-01
2023;6;CONVENIO;HOLTER;15;2023-06-01
2023;6;CONVENIO;RAIOX;60;2023-06-01
2023;6;PARTICULAR;MAMO;4;2023-06-01
2023;6;PARTICULAR;ULTRASOM;95;2023-06-01
2023;6;PARTICULAR;RM;12;2023-06-01
2023;6;SUS;ECO;1;2023-06-01
2023;6;SUS;EDA;1;2023-06-01
2023;6;SUS;ECO;2;2023-06-01
2023;6;SUS;ULTRASOM;4;2023-06-01
2023;6;SUS;EDA;4;2023-06-01
2023;6;SUS;COLO;23;2023-06-01
2023;6;SUS;MAMO;1;2023-06-01
2023;6;SUS;HISTERO;3;2023-06-01
2023;6;PARTICULAR;ECO;13;2023-06-01
2023;6;PARTICULAR;EEG;1;2023-06-01
2023;6;PARTICULAR;ECG;21;2023-06-01
2023;6;PARTICULAR;TESTEERGOMÉTRICO;4;2023-06-01
2023;6;PARTICULAR;HOLTER;5;2023-06-01
2023;6;PARTICULAR;MAPA;5;2023-06-01
2023;6;SUS;RAIOX;126;2023-06-01
2023;7;CONVENIO;EEG;5;2023-07-01
2023;7;CONVENIO;RAIOX;44;2023-07-01
2023;7;PARTICULAR;RAIOX;44;2023-07-01
2023;7;PARTICULAR;HISTERO;2;2023-07-01
2023;7;PARTICULAR;COLPOSCOPIA;2;2023-07-01
2023;7;CONVENIO;ECO;51;2023-07-01
2023;7;CONVENIO;ECG;16;2023-07-01
2023;7;PARTICULAR;COLO;9;2023-07-01
2023;7;CONVENIO;MAPA;7;2023-07-01
2023;7;CONVENIO;ULTRASOM;315;2023-07-01
2023;7;CONVENIO;RM;20;2023-07-01
2023;7;CONVENIO;MAMO;27;2023-07-01
2023;7;CONVENIO;EDA;16;2023-07-01
2023;7;CONVENIO;COLO;17;2023-07-01
2023;7;CONVENIO;HOLTER;13;2023-07-01
2023;7;PARTICULAR;EDA;13;2023-07-01
2023;7;PARTICULAR;ULTRASOM;118;2023-07-01
2023;7;PARTICULAR;RM;26;2023-07-01
2023;7;PARTICULAR;MAMO;10;2023-07-01
2023;7;SUS;RM;3;2023-07-01
2023;7;SUS;EDA;32;2023-07-01
2023;7;SUS;COLO;18;2023-07-01
2023;7;SUS;RAIOX;140;2023-07-01
2023;7;SUS;HISTERO;3;2023-07-01
2023;7;SUS;ULTRASOM;9;2023-07-01
2023;7;SUSAMBCARAGUA;ELETRONEURO;13;2023-07-01
2023;7;PARTICULAR;ECO;19;2023-07-01
2023;7;PARTICULAR;EEG;2;2023-07-01
2023;7;PARTICULAR;ECG;17;2023-07-01
2023;7;PARTICULAR;HOLTER;7;2023-07-01
2023;7;PARTICULAR;MAPA;5;2023-07-01
2023;7;SUS;ELETRONEURO;18;2023-07-01
2023;8;CONVENIO;ECO;31;2023-08-01
2023;8;CONVENIO;EEG;2;2023-08-01
2023;8;CONVENIO;ECG;23;2023-08-01
2023;8;CONVENIO;HOLTER;6;2023-08-01
2023;8;CONVENIO;MAPA;17;2023-08-01
2023;8;CONVENIO;EDA;21;2023-08-01
2023;8;CONVENIO;RM;9;2023-08-01
2023;8;CONVENIO;MAMO;28;2023-08-01
2023;8;CONVENIO;COLO;19;2023-08-01
2023;8;CONVENIO;RAIOX;65;2023-08-01
2023;8;PARTICULAR;POLISSO;2;2023-08-01
2023;8;CONVENIO;ULTRASOM;289;2023-08-01
2023;8;PARTICULAR;COLO;17;2023-08-01
2023;8;PARTICULAR;RAIOX;59;2023-08-01
2023;8;PARTICULAR;MAMO;19;2023-08-01
2023;8;PARTICULAR;EDA;21;2023-08-01
2023;8;SUS;ULTRASOM;9;2023-08-01
2023;8;SUS;EDA;43;2023-08-01
2023;8;SUS;COLO;4;2023-08-01
2023;8;PARTICULAR;ECO;8;2023-08-01
2023;8;PARTICULAR;EEG;2;2023-08-01
2023;8;SUS;RAIOX;39;2023-08-01
2023;8;PARTICULAR;TESTEERGOMÉTRICO;1;2023-08-01
2023;8;PARTICULAR;HOLTER;6;2023-08-01
2023;8;PARTICULAR;MAPA;8;2023-08-01
2023;8;PARTICULAR;ULTRASOM;145;2023-08-01
2023;8;PARTICULAR;RM;34;2023-08-01
2023;8;PARTICULAR;ECG;27;2023-08-01
2023;9;CONVENIO;TESTEERGOMÉTRICO;3;2023-09-01
2023;9;PARTICULAR;COLPOSCOPIA;10;2023-09-01
2023;9;PARTICULAR;POLISSO;4;2023-09-01
2023;9;PARTICULAR;DENSITOMETRIAÓSSEA;7;2023-09-01
2023;9;CONVENIO;ECO;31;2023-09-01
2023;9;CONVENIO;EEG;4;2023-09-01
2023;9;CONVENIO;ECG;18;2023-09-01
2023;9;CONVENIO;HOLTER;7;2023-09-01
2023;9;CONVENIO;RAIOX;53;2023-09-01
2023;9;CONVENIO;ULTRASOM;171;2023-09-01
2023;9;CONVENIO;RM;6;2023-09-01
2023;9;CONVENIO;MAMO;14;2023-09-01
2023;9;CONVENIO;ENDOSCOPIA;10;2023-09-01
2023;9;CONVENIO;COLO;11;2023-09-01
2023;9;CONVENIO;COLPOSCOPIA;11;2023-09-01
2023;9;PARTICULAR;HISTERO;1;2023-09-01
2023;9;CONVENIO;MAPA;11;2023-09-01
2023;9;PARTICULAR;RAIOX;49;2023-09-01
2023;9;CONVENIO;DENSITOMETRIAÓSSEA;12;2023-09-01
2023;9;PARTICULAR;ENDOSCOPIA;17;2023-09-01
2023;9;PARTICULAR;COLO;10;2023-09-01
2023;9;SUS;ENDOSCOPIA;1;2023-09-01
2023;9;SUS;COLO;1;2023-09-01
2023;9;SUS;COLPOSCOPIA;1;2023-09-01
2023;9;SUSCARAGUÁ;HISTERO;10;2023-09-01
2023;9;SUS;HISTERO;4;2023-09-01
2023;9;SUS;ULTRASOM;4;2023-09-01
2023;9;SUS;RAIOX;5;2023-09-01
2023;9;SUS;ENDOSCOPIA;50;2023-09-01
2023;9;PARTICULAR;EEG;3;2023-09-01
2023;9;PARTICULAR;ECG;25;2023-09-01
2023;9;PARTICULAR;TESTEERGOMÉTRICO;7;2023-09-01
2023;9;PARTICULAR;MAMO;10;2023-09-01
2023;9;PARTICULAR;HOLTER;9;2023-09-01
2023;9;PARTICULAR;MAPA;4;2023-09-01
2023;9;PARTICULAR;ULTRASOM;134;2023-09-01
2023;9;PARTICULAR;RM;38;2023-09-01
2023;9;PARTICULAR;ECO;9;2023-09-01
2023;10;CONVENIO;EEG;2;2023-10-01
2023;10;CONVENIO;ECO;89;2023-10-01
2023;10;PARTICULAR;COLONO;11;2023-10-01
2023;10;PARTICULAR;ESPIRO;3;2023-10-01
2023;10;PARTICULAR;RAIOX;100;2023-10-01
2023;10;CONVENIO;ECG;19;2023-10-01
2023;10;CONVENIO;ESPIRO;7;2023-10-01
2023;10;CONVENIO;TESTEERGOMÉTRICO;6;2023-10-01
2023;10;CONVENIO;ESPIRO;7;2023-10-01
2023;10;CONVENIO;MAPA;15;2023-10-01
2023;10;CONVENIO;RM;13;2023-10-01
2023;10;CONVENIO;MAMO;26;2023-10-01
2023;10;CONVENIO;EDA;13;2023-10-01
2023;10;CONVENIO;COLONO;15;2023-10-01
2023;10;CONVENIO;RAIOX;69;2023-10-01
2023;10;PARTICULAR;EDA;19;2023-10-01
2023;10;CONVENIO;HOLTER;9;2023-10-01
2023;10;PARTICULAR;MAMO;17;2023-10-01
2023;10;CONVENIO;ULTRASOM;239;2023-10-01
2023;10;PARTICULAR;ULTRASOM;157;2023-10-01
2023;10;PARTICULAR;RM;38;2023-10-01
2023;10;SUS;ULTRASOM;2;2023-10-01
2023;10;SUS;COLONO;1;2023-10-01
2023;10;SUS;ULTRASOM;7;2023-10-01
2023;10;SUS;BIOPSIA;7;2023-10-01
2023;10;SUS;EDA;59;2023-10-01
2023;10;SUS;RAIOX;6;2023-10-01
2023;10;SUS;HISTERO;2;2023-10-01
2023;10;SUS;MAMO;1;2023-10-01
2023;10;PARTICULAR;ESPIRO;3;2023-10-01
2023;10;PARTICULAR;ECO;35;2023-10-01
2023;10;PARTICULAR;EEG;3;2023-10-01
2023;10;PARTICULAR;ECG;18;2023-10-01
2023;10;PARTICULAR;TESTEERGOMÉTRICO;19;2023-10-01
2023;10;PARTICULAR;HOLTER;12;2023-10-01
2023;10;PARTICULAR;MAPA;7;2023-10-01
2023;10;SUS;COLPOSCOPIA;2;2023-10-01
2023;11;CONVENIO;TESTEERGOMÉTRICO;1;2023-11-01
2023;11;PARTICULAR;POLISSO;1;2023-11-01
2023;11;PARTICULAR;ESPIROMETRIA;3;2023-11-01
2023;11;CONVENIO;ECO;35;2023-11-01
2023;11;CONVENIO;EEG;3;2023-11-01
2023;11;CONVENIO;ECG;24;2023-11-01
2023;11;CONVENIO;HOLTER;9;2023-11-01
2023;11;CONVENIO;ESPIROMETRIA;3;2023-11-01
2023;11;CONVENIO;ULTRASOM;234;2023-11-01
2023;11;CONVENIO;RM;19;2023-11-01
2023;11;CONVENIO;MAMO;31;2023-11-01
2023;11;CONVENIO;EDA;17;2023-11-01
2023;11;CONVENIO;COLO;15;2023-11-01
2023;11;CONVENIO;RAIOX;63;2023-11-01
2023;11;CONVENIO;POLISSO;1;2023-11-01
2023;11;PARTICULAR;RAIOX;58;2023-11-01
2023;11;CONVENIO;MAPA;14;2023-11-01
2023;11;PARTICULAR;COLO;7;2023-11-01
2023;11;PARTICULAR;TESTEERGOMÉTRICO;6;2023-11-01
2023;11;PARTICULAR;MAMO;16;2023-11-01
2023;11;SUS;ULTRASOM;1;2023-11-01
2023;11;SUS;RAIOX;1;2023-11-01
2023;11;SUS;ECO;1;2023-11-01
2023;11;SUS;ULTRASOM;3;2023-11-01
2023;11;PARTICULAR;EDA;20;2023-11-01
2023;11;SUS;COLO;1;2023-11-01
2023;11;SUS;RAIOX;4;2023-11-01
2023;11;SUS;HISTERO;26;2023-11-01
2023;11;SUS;EDA;28;2023-11-01
2023;11;PARTICULAR;ECO;19;2023-11-01
2023;11;PARTICULAR;EEG;2;2023-11-01
2023;11;PARTICULAR;ECG;21;2023-11-01
2023;11;PARTICULAR;HOLTER;9;2023-11-01
2023;11;PARTICULAR;MAPA;2;2023-11-01
2023;11;PARTICULAR;ULTRASOM;165;2023-11-01
2023;11;PARTICULAR;RM;43;2023-11-01
2023;11;SUS;POLISSO;5;2023-11-01
2023;12;CONVENIO;EEG;1;2023-12-01
2023;12;CONVENIO;ESPIRO;4;2023-12-01
2023;12;CONVENIO;POLISSO;1;2023-12-01
2023;12;CONVENIO;MAPA;4;2023-12-01
2023;12;CONVENIO;HOLTER;3;2023-12-01
2023;12;CONVENIO;ECG;6;2023-12-01
2023;12;CONVENIO;ECO;15;2023-12-01
2023;12;PARTICULAR;ESPIRO;1;2023-12-01
2023;12;PARTICULAR;MAPA;4;2023-12-01
2023;12;PARTICULAR;HOLTER;9;2023-12-01
2023;12;PARTICULAR;ECG;10;2023-12-01
2023;12;PARTICULAR;EEG;2;2023-12-01
2023;12;PARTICULAR;ECO;13;2023-12-01
2023;12;SUS;POLISSO;6;2023-12-01
2023;12;SUS;ULTRASOM;8;2023-12-01
2024;1;CONVENIO;MAMO;11;2024-01-01
2024;1;CONVENIO;EDA;7;2024-01-01
2024;1;CONVENIO;COLONO;3;2024-01-01
2024;1;CONVENIO;POLISSO;1;2024-01-01
2024;1;CONVENIO;ESPIRO;6;2024-01-01
2024;1;CONVENIO;;1031;2024-01-01
2024;1;CONVENIO;;1031;2024-01-01
2024;1;SUS;COLONO;3;2024-01-01
2024;1;SUS;RM;5;2024-01-01
2024;1;SUS;EDA;8;2024-01-01
2024;1;CONVENIO;RM;9;2024-01-01
2024;1;SUS;RAIOX;3;2024-01-01
2024;1;SUS;POLISSO;9;2024-01-01
2024;1;SUS;;1348;2024-01-01
2024;1;SUS;;1348;2024-01-01
2024;1;SUS;ULTRASOM;7;2024-01-01
2024;1;CONVENIO;ULTRASOM;186;2024-01-01
2024;1;CONVENIO;RAIOX;58;2024-01-01
2024;1;CONVENIO;HOLTER;6;2024-01-01
2024;1;CONVENIO;MAPA;5;2024-01-01
2024;1;PARTICULAR;EEG;6;2024-01-01
2024;1;PARTICULAR;ECG;22;2024-01-01
2024;1;PARTICULAR;HOLTER;9;2024-01-01
2024;1;PARTICULAR;MAPA;2;2024-01-01
2024;1;PARTICULAR;ULTRASOM;138;2024-01-01
2024;1;PARTICULAR;MAMO;8;2024-01-01
2024;1;PARTICULAR;EDA;12;2024-01-01
2024;1;PARTICULAR;RM;36;2024-01-01
2024;1;PARTICULAR;RAIOX;39;2024-01-01
2024;1;PARTICULAR;ESPIRO;2;2024-01-01
2024;1;PARTICULAR;COLPOSCOPIA;1;2024-01-01
2024;1;PARTICULAR;;1602;2024-01-01
2024;1;PARTICULAR;;1602;2024-01-01
2024;1;CONVENIO;EEG;5;2024-01-01
2024;1;CONVENIO;ECG;14;2024-01-01
2024;1;PARTICULAR;COLONO;6;2024-01-01
2024;2;CONVENIO;RM;11;2024-02-01
2024;2;CONVENIO;EEG;2;2024-02-01
2024;2;CONVENIO;ECG;16;2024-02-01
2024;2;CONVENIO;TESTEERGOMÉTRICO;2;2024-02-01
2024;2;CONVENIO;HOLTER;7;2024-02-01
2024;2;CONVENIO;MAPA;7;2024-02-01
2024;2;CONVENIO;ULTRASOM;222;2024-02-01
2024;2;CONVENIO;MAMO;15;2024-02-01
2024;2;SUS;RAIOX;1;2024-02-01
2024;2;CONVENIO;COLONO;2;2024-02-01
2024;2;CONVENIO;RAIOX;47;2024-02-01
2024;2;CONVENIO;ESPIRO;4;2024-02-01
2024;2;SUS;HOLTER;1;2024-02-01
2024;2;SUS;BIOPSIA;1;2024-02-01
2024;2;SUS;EDA;1;2024-02-01
2024;2;SUS;COLONO;1;2024-02-01
2024;2;SUS;POLISSO;6;2024-02-01
2024;2;CONVENIO;EDA;15;2024-02-01
2024;2;SUS;HISTERO;2;2024-02-01
2024;2;PARTICULAR;BIOPSIA;3;2024-02-01
2024;2;SUS;EDA;39;2024-02-01
2024;2;SUS;RAIOX;6;2024-02-01
2024;2;PARTICULAR;ECG;14;2024-02-01
2024;2;PARTICULAR;TESTEERGOMÉTRICO;6;2024-02-01
2024;2;PARTICULAR;HOLTER;8;2024-02-01
2024;2;PARTICULAR;MAPA;5;2024-02-01
2024;2;PARTICULAR;ULTRASOM;126;2024-02-01
2024;2;PARTICULAR;RM;28;2024-02-01
2024;2;PARTICULAR;MAMO;13;2024-02-01
2024;2;PARTICULAR;EEG;5;2024-02-01
2024;2;PARTICULAR;COLONO;8;2024-02-01
2024;2;PARTICULAR;EDA;15;2024-02-01
2024;2;SUS;RM;2;2024-02-01
2024;2;SUS;BIOPSIA;11;2024-02-01
2024;2;SUS;ULTRASOM;6;2024-02-01
2024;2;SUS;MAMO;1;2024-02-01
2024;2;PARTICULAR;POLISSO;1;2024-02-01
2024;2;PARTICULAR;RAIOX;38;2024-02-01
2024;2;PARTICULAR;ESPIRO;4;2024-02-01
2024;3;CONVENIO;BIOPSIA;13;2024-03-01
2024;3;CONVENIO;COLPOSCOPIA;24;2024-03-01
2024;3;CONVENIO;RM;24;2024-03-01
2024;3;CONVENIO;MAMO;7;2024-03-01
2024;3;CONVENIO;EDA;6;2024-03-01
2024;3;CONVENIO;COLONO;49;2024-03-01
2024;3;CONVENIO;ELETRONEURO;2;2024-03-01
2024;3;SUSILHA;HISTERO;2;2024-03-01
2024;3;SUS;BIOPSIA;1;2024-03-01
2024;3;SUS;HISTERO;6;2024-03-01
2024;3;SUS;MAPA;2;2024-03-01
2024;3;SUS;MAMO;8;2024-03-01
2024;3;SUS;COLONO;7;2024-03-01
2024;3;SUS;BIOPSIA;8;2024-03-01
2024;3;SUS;COLONO;1;2024-03-01
2024;3;CONVENIO;MAPA;276;2024-03-01
2024;3;SUS;ULTRASOM;10;2024-03-01
2024;3;CONVENIO;HOLTER;1;2024-03-01
2024;3;PARTICULAR;MAPA;165;2024-03-01
2024;3;CONVENIO;ECG;3;2024-03-01
2024;3;PARTICULAR;EEG;20;2024-03-01
2024;3;PARTICULAR;ECG;8;2024-03-01
2024;3;PARTICULAR;TESTEERGOMÉTRICO;4;2024-03-01
2024;3;PARTICULAR;HOLTER;7;2024-03-01
2024;3;PARTICULAR;BIOPSIA;31;2024-03-01
2024;3;PARTICULAR;RM;8;2024-03-01
2024;3;PARTICULAR;MAMO;15;2024-03-01
2024;3;PARTICULAR;ECO;2;2024-03-01
2024;3;PARTICULAR;COLONO;38;2024-03-01
2024;3;PARTICULAR;EDA;11;2024-03-01
2024;3;CONVENIO;EEG;8;2024-03-01
2024;3;CONVENIO;ECO;3;2024-03-01
2024;3;PARTICULAR;COLPOSCOPIA;8;2024-03-01
2024;3;CONVENIO;TESTEERGOMÉTRICO;5;2024-03-01
2024;3;PARTICULAR;HISTERO;1;2024-03-01
2024;3;PARTICULAR;RAIOX;2;2024-03-01
2024;3;PARTICULAR;ELETRONEURO;1;2024-03-01
2024;4;SUSILHA;ELETRONEURO;19;2024-04-01
2024;4;CONVENIO;ULTRASOM;257;2024-04-01
2024;4;CONVENIO;RM;9;2024-04-01
2024;4;CONVENIO;MAMO;22;2024-04-01
2024;4;CONVENIO;EDA;22;2024-04-01
2024;4;CONVENIO;COLONO;15;2024-04-01
2024;4;CONVENIO;RAIOX;80;2024-04-01
2024;4;CONVENIO;ESPIRO;2;2024-04-01
2024;4;SUS;MAPA;1;2024-04-01
2024;4;SUS;ULTRASOM;9;2024-04-01
2024;4;SUS;MAMO;284;2024-04-01
2024;4;SUS;RAIOX;348;2024-04-01
2024;4;SUS;POLISSO;6;2024-04-01
2024;4;SUS;ELETRONEURO;15;2024-04-01
2024;4;SUSILHA;POLISSO;6;2024-04-01
2024;4;CONVENIO;MAPA;9;2024-04-01
2024;4;SUS;ECG;1;2024-04-01
2024;4;SUS;EDA;39;2024-04-01
2024;4;CONVENIO;HOLTER;9;2024-04-01
2024;4;CONVENIO;ECG;12;2024-04-01
2024;4;CONVENIO;TESTEERGOMÉTRICO;12;2024-04-01
2024;4;PARTICULAR;ECO;9;2024-04-01
2024;4;PARTICULAR;EEG;2;2024-04-01
2024;4;PARTICULAR;ECG;29;2024-04-01
2024;4;PARTICULAR;TESTEERGOMÉTRICO;8;2024-04-01
2024;4;PARTICULAR;MAPA;4;2024-04-01
2024;4;PARTICULAR;ULTRASOM;164;2024-04-01
2024;4;PARTICULAR;RM;25;2024-04-01
2024;4;PARTICULAR;HOLTER;5;2024-04-01
2024;4;PARTICULAR;EDA;20;2024-04-01
2024;4;PARTICULAR;MAMO;14;2024-04-01
2024;4;CONVENIO;ECO;3;2024-04-01
2024;4;PARTICULAR;COLPOSCOPIA;3;2024-04-01
2024;4;PARTICULAR;ESPIRO;3;2024-04-01
2024;4;CONVENIO;EEG;2;2024-04-01
2024;4;PARTICULAR;RAIOX;76;2024-04-01
2024;4;PARTICULAR;COLONO;12;2024-04-01
2024;4;PARTICULAR;HISTERO;1;2024-04-01
2024;5;CONVENIO;TESTEERGOMÉTRICO;6;2024-05-01
2024;5;PARTICULAR;COLONO;13;2024-05-01
2024;5;PARTICULAR;RAIOX;40;2024-05-01
2024;5;PARTICULAR;POLISSO;3;2024-05-01
2024;5;PARTICULAR;ESPIRO;5;2024-05-01
2024;5;CONVENIO;EEG;6;2024-05-01
2024;5;CONVENIO;ECG;12;2024-05-01
2024;5;CONVENIO;HOLTER;12;2024-05-01
2024;5;PARTICULAR;EDA;28;2024-05-01
2024;5;CONVENIO;ULTRASOM;211;2024-05-01
2024;5;CONVENIO;BIOPSIA;1;2024-05-01
2024;5;CONVENIO;RM;14;2024-05-01
2024;5;CONVENIO;MAMO;10;2024-05-01
2024;5;CONVENIO;EDA;18;2024-05-01
2024;5;CONVENIO;COLONO;10;2024-05-01
2024;5;CONVENIO;RAIOX;42;2024-05-01
2024;5;CONVENIO;ESPIRO;4;2024-05-01
2024;5;CONVENIO;MAPA;6;2024-05-01
2024;5;PARTICULAR;MAMO;5;2024-05-01
2024;5;SUS;MAMO;86;2024-05-01
2024;5;PARTICULAR;ULTRASOM;116;2024-05-01
2024;5;SUS;POLISSO;2;2024-05-01
2024;5;SUS;ECG;1;2024-05-01
2024;5;SUS;ULTRASOM;12;2024-05-01
2024;5;SUS;RM;6;2024-05-01
2024;5;SUS;EDA;17;2024-05-01
2024;5;SUS;COLONO;4;2024-05-01
2024;5;SUS;RAIOX;125;2024-05-01
2024;5;SUS;POLISSO;5;2024-05-01
2024;5;PARTICULAR;RM;22;2024-05-01
2024;5;SUS;RM;1;2024-05-01
2024;5;SUS;COLONO;1;2024-05-01
2024;5;PARTICULAR;EEG;9;2024-05-01
2024;5;PARTICULAR;ECG;24;2024-05-01
2024;5;PARTICULAR;TESTEERGOMÉTRICO;11;2024-05-01
2024;5;PARTICULAR;HOLTER;7;2024-05-01
2024;5;PARTICULAR;MAPA;3;2024-05-01
2024;5;SUS;ECO;90;2024-05-01
2024;6;CONVENIO;TESTEERGOMÉTRICO;5;2024-06-01
2024;6;CONVENIO;ECG;17;2024-06-01
2024;6;CONVENIO;EEG;2;2024-06-01
2024;6;PARTICULAR;HISTERO;1;2024-06-01
2024;6;PARTICULAR;ESPIRO;4;2024-06-01
2024;6;PARTICULAR;ELETRONEURO;1;2024-06-01
2024;6;CONVENIO;HOLTER;13;2024-06-01
2024;6;CONVENIO;ECO;4;2024-06-01
2024;6;CONVENIO;MAPA;8;2024-06-01
2024;6;CONVENIO;POLISSO;1;2024-06-01
2024;6;CONVENIO;BIOPSIA;1;2024-06-01
2024;6;CONVENIO;RM;21;2024-06-01
2024;6;CONVENIO;MAMO;20;2024-06-01
2024;6;CONVENIO;EDA;18;2024-06-01
2024;6;CONVENIO;COLONO;9;2024-06-01
2024;6;CONVENIO;RAIOX;24;2024-06-01
2024;6;CONVENIO;HISTERO;1;2024-06-01
2024;6;PARTICULAR;RAIOX;36;2024-06-01
2024;6;CONVENIO;ESPIRO;2;2024-06-01
2024;6;CONVENIO;ULTRASOM;254;2024-06-01
2024;6;PARTICULAR;COLONO;10;2024-06-01
2024;6;PARTICULAR;EDA;17;2024-06-01
2024;6;PARTICULAR;MAMO;7;2024-06-01
2024;6;HCSSDOPPLER;ECO;8;2024-06-01
2024;6;SUS;MAPA;1;2024-06-01
2024;6;SUS;MAMO;314;2024-06-01
2024;6;SUS;ELETRONEURO;1;2024-06-01
2024;6;SUS;ULTRASOM;9;2024-06-01
2024;6;SUS;RM;1;2024-06-01
2024;6;SUS;EDA;14;2024-06-01
2024;6;SUS;RAIOX;111;2024-06-01
2024;6;SUS;POLISSO;4;2024-06-01
2024;6;SUS;ECO;110;2024-06-01
2024;6;SUSAMBCARAGUA;ELETRONEURO;7;2024-06-01
2024;6;PARTICULAR;ECO;1;2024-06-01
2024;6;PARTICULAR;EEG;2;2024-06-01
2024;6;PARTICULAR;ECG;26;2024-06-01
2024;6;PARTICULAR;TESTEERGOMÉTRICO;6;2024-06-01
2024;6;PARTICULAR;HOLTER;6;2024-06-01
2024;6;PARTICULAR;MAPA;6;2024-06-01
2024;6;PARTICULAR;ULTRASOM;149;2024-06-01
2024;6;PARTICULAR;RM;22;2024-06-01
2024;6;SUS;ELETRONEURO;11;2024-06-01
2024;7;CONVENIO;ECG;35;2024-07-01
2024;7;CONVENIO;EEG;3;2024-07-01
2024;7;PARTICULAR;ESPIRO;2;2024-07-01
2024;7;CONVENIO;ECO;24;2024-07-01
2024;7;PARTICULAR;COLPOSCOPIA;2;2024-07-01
2024;7;CONVENIO;TESTEERGOMÉTRICO;4;2024-07-01
2024;7;CONVENIO;ESPIRO;4;2024-07-01
2024;7;CONVENIO;HOLTER;11;2024-07-01
2024;7;CONVENIO;EDA;24;2024-07-01
2024;7;CONVENIO;ULTRASOM;219;2024-07-01
2024;7;CONVENIO;RM;10;2024-07-01
2024;7;CONVENIO;MAMO;9;2024-07-01
2024;7;CONVENIO;COLONO;13;2024-07-01
2024;7;CONVENIO;RAIOX;58;2024-07-01
2024;7;CONVENIO;HISTERO;1;2024-07-01
2024;7;PARTICULAR;POLISSO;1;2024-07-01
2024;7;CONVENIO;MAPA;7;2024-07-01
2024;7;PARTICULAR;HISTERO;1;2024-07-01
2024;7;PARTICULAR;MAPA;7;2024-07-01
2024;7;PARTICULAR;COLONO;6;2024-07-01
2024;7;SUS;MAMO;279;2024-07-01
2024;7;SUS;EDA;19;2024-07-01
2024;7;SUS;ECO;2;2024-07-01
2024;7;SUS;TESTEERGOMÉTRICO;1;2024-07-01
2024;7;SUS;RAIOX;140;2024-07-01
2024;7;SUS;POLISSO;6;2024-07-01
2024;7;PARTICULAR;ECO;16;2024-07-01
2024;7;SUS;ULTRASOM;9;2024-07-01
2024;7;PARTICULAR;ECG;26;2024-07-01
2024;7;PARTICULAR;EEG;4;2024-07-01
2024;7;PARTICULAR;EDA;12;2024-07-01
2024;7;PARTICULAR;MAMO;5;2024-07-01
2024;7;PARTICULAR;RAIOX;64;2024-07-01
2024;7;PARTICULAR;ULTRASOM;124;2024-07-01
2024;7;PARTICULAR;HOLTER;11;2024-07-01
2024;7;PARTICULAR;TESTEERGOMÉTRICO;8;2024-07-01
2024;7;PARTICULAR;RM;27;2024-07-01
2024;8;PARTICULAR;COLONO;11;2024-08-01
2024;8;PARTICULAR;ESPIRO;3;2024-08-01
2024;8;PARTICULAR;COLPOSCOPIA;1;2024-08-01
2024;8;CONVENIO;ECO;33;2024-08-01
2024;8;CONVENIO;EEG;30;2024-08-01
2024;8;CONVENIO;ECG;5;2024-08-01
2024;8;CONVENIO;TESTEERGOMÉTRICO;5;2024-08-01
2024;8;CONVENIO;MAPA;4;2024-08-01
2024;8;CONVENIO;ULTRASOM;335;2024-08-01
2024;8;CONVENIO;EDA;14;2024-08-01
2024;8;CONVENIO;COLONO;11;2024-08-01
2024;8;CONVENIO;POLISSO;1;2024-08-01
2024;8;CONVENIO;ESPIRO;6;2024-08-01
2024;8;PARTICULAR;EDA;17;2024-08-01
2024;8;CONVENIO;HOLTER;17;2024-08-01
2024;8;CONVENIO;BIOPSIA;7;2024-08-01
2024;8;PARTICULAR;ULTRASOM;147;2024-08-01
2024;8;PARTICULAR;MAPA;11;2024-08-01
2024;8;PARTICULAR;BIOPSIA;1;2024-08-01
2024;8;SUS;ECO;1;2024-08-01
2024;8;SUS;ELETRONEURO;4;2024-08-01
2024;8;SUS;TESTEERGOMÉTRICO;1;2024-08-01
2024;8;SUS;EDA;26;2024-08-01
2024;8;SUS;COLONO;1;2024-08-01
2024;8;SUS;HISTERO;4;2024-08-01
2024;8;SUS;ULTRASOM;11;2024-08-01
2024;8;SUS;ELETRONEURO;7;2024-08-01
2024;8;PARTICULAR;ECO;31;2024-08-01
2024;8;PARTICULAR;EEG;17;2024-08-01
2024;8;PARTICULAR;ECG;3;2024-08-01
2024;8;PARTICULAR;TESTEERGOMÉTRICO;7;2024-08-01
2024;8;PARTICULAR;HOLTER;8;2024-08-01
2024;8;SUS;POLISSO;9;2024-08-01
2024;9;CONVENIO;TESTEERGOMÉTRICO;4;2024-09-01
2024;9;PARTICULAR;ESPIRO;2;2024-09-01
2024;9;PARTICULAR;COLPOSCOPIA;4;2024-09-01
2024;9;CONVENIO;ECO;33;2024-09-01
2024;9;CONVENIO;EEG;6;2024-09-01
2024;9;CONVENIO;ECG;35;2024-09-01
2024;9;CONVENIO;HOLTER;18;2024-09-01
2024;9;PARTICULAR;ELETRONEURO;7;2024-09-01
2024;9;CONVENIO;BIOPSIA;4;2024-09-01
2024;9;CONVENIO;EDA;11;2024-09-01
2024;9;CONVENIO;COLONO;15;2024-09-01
2024;9;CONVENIO;RAIOX;65;2024-09-01
2024;9;CONVENIO;POLISSO;1;2024-09-01
2024;9;CONVENIO;ESPIRO;8;2024-09-01
2024;9;CONVENIO;MAPA;12;2024-09-01
2024;9;PARTICULAR;RAIOX;57;2024-09-01
2024;9;PARTICULAR;TESTEERGOMÉTRICO;15;2024-09-01
2024;9;PARTICULAR;EDA;14;2024-09-01
2024;9;SUSILHA;POLISSO;1;2024-09-01
2024;9;SUSCARAGUÁ;RAIOX;1;2024-09-01
2024;9;SUS;EDA;33;2024-09-01
2024;9;SUS;RAIOX;191;2024-09-01
2024;9;SUS;POLISSO;12;2024-09-01
2024;9;SUS;HOLTER;1;2024-09-01
2024;9;SUSILHA;RAIOX;1;2024-09-01
2024;9;PARTICULAR;EEG;1;2024-09-01
2024;9;PARTICULAR;ECG;27;2024-09-01
2024;9;PARTICULAR;COLONO;8;2024-09-01
2024;9;PARTICULAR;HOLTER;7;2024-09-01
2024;9;PARTICULAR;MAPA;8;2024-09-01
2024;9;PARTICULAR;BIOPSIA;2;2024-09-01
2024;9;PARTICULAR;ECO;31;2024-09-01
2024;10;PARTICULAR;HISTERO;6;2024-10-01
2024;10;PARTICULAR;POLISSO;2;2024-10-01
2024;10;PARTICULAR;ESPIROMENTE;3;2024-10-01
2024;10;CONVENIO;ECO;25;2024-10-01
2024;10;CONVENIO;EEG;11;2024-10-01
2024;10;CONVENIO;ECG;42;2024-10-01
2024;10;CONVENIO;BIOPSIA;1;2024-10-01
2024;10;CONVENIO;HOLTER;17;2024-10-01
2024;10;CONVENIO;MAPA;24;2024-10-01
2024;10;CONVENIO;EDA;8;2024-10-01
2024;10;CONVENIO;HISTERO;6;2024-10-01
2024;10;CONVENIO;ESPIROMENTE;3;2024-10-01
2024;10;PARTICULAR;COLONO;10;2024-10-01
2024;10;CONVENIO;TESTEERGOMÉTRICO;5;2024-10-01
2024;10;PARTICULAR;EDA;9;2024-10-01
2024;10;CONVENIO;COLONO;10;2024-10-01
2024;10;PARTICULAR;MAPA;11;2024-10-01
2024;10;SUS;POLISSO;1;2024-10-01
2024;10;SUS;TESTEERGOMÉTRICO;1;2024-10-01
2024;10;PARTICULAR;BIOPSIA;1;2024-10-01
2024;10;SUS;HOLTER;3;2024-10-01
2024;10;SUS;EDA;39;2024-10-01
2024;10;SUS;POLISSO;2;2024-10-01
2024;10;SUS;COLONO;3;2024-10-01
2024;10;SUS;COLONO;1;2024-10-01
2024;10;PARTICULAR;ECO;15;2024-10-01
2024;10;PARTICULAR;EEG;2;2024-10-01
2024;10;PARTICULAR;ECG;29;2024-10-01
2024;10;PARTICULAR;TESTEERGOMÉTRICO;19;2024-10-01
2024;10;PARTICULAR;HOLTER;12;2024-10-01
2024;10;SUS;MAPA;1;2024-10-01
2024;11;CONVENIO;HOLTER;16;2024-11-01
2024;11;CONVENIO;EEG;9;2024-11-01
2024;11;CONVENIO;ECG;20;2024-11-01
2024;11;CONVENIO;MAPA;5;2024-11-01
2024;11;CONVENIO;POLISSO;1;2024-11-01
2024;11;CONVENIO;EDA;19;2024-11-01
2024;11;CONVENIO;COLO;13;2024-11-01
2024;11;CONVENIO;HISTERO;3;2024-11-01
2024;11;PARTICULAR;COLPOSCOPIA;1;2024-11-01
2024;11;CONVENIO;BIOPSIA;6;2024-11-01
2024;11;PARTICULAR;HISTERO;1;2024-11-01
2024;11;CONVENIO;ECO;27;2024-11-01
2024;11;PARTICULAR;EDA;15;2024-11-01
2024;11;PARTICULAR;COLO;6;2024-11-01
2024;11;SUS;HOLTER;1;2024-11-01
2024;11;SUS;EDA;18;2024-11-01
2024;11;SUS;POLISSO;15;2024-11-01
2024;11;SUS;TESTEERGOMÉTRICO;15;2024-11-01
2024;11;PARTICULAR;EEG;4;2024-11-01
2024;11;PARTICULAR;ECG;21;2024-11-01
2024;11;PARTICULAR;HOLTER;6;2024-11-01
2024;11;PARTICULAR;MAPA;15;2024-11-01
2024;11;PARTICULAR;ECO;16;2024-11-01
2025;1;CONVENIO;HOLTER;14;2025-01-01
2025;1;SUS;ESPIRO;1;2025-01-01
2025;1;SUS;VALOR;1193;2025-01-01
2025;1;CONVENIO;ECO;11;2025-01-01
2025;1;CONVENIO;EEG;2;2025-01-01
2025;1;CONVENIO;ECG;25;2025-01-01
2025;1;CONVENIO;TESTEERGOMÉTRICO;7;2025-01-01
2025;1;CONVENIO;MAPA;7;2025-01-01
2025;1;CONVENIO;RAIOX;70;2025-01-01
2025;1;CONVENIO;RM;37;2025-01-01
2025;1;CONVENIO;MAMO;21;2025-01-01
2025;1;CONVENIO;EDA;7;2025-01-01
2025;1;CONVENIO;COLONO;5;2025-01-01
2025;1;CONVENIO;ESPIRO;6;2025-01-01
2025;1;CONVENIO;VALOR;1019;2025-01-01
2025;1;SUS;VALOR;1306;2025-01-01
2025;1;SUS;POLISSO;12;2025-01-01
2025;1;CONVENIO;USG;137;2025-01-01
2025;1;SUS;RAIOX;148;2025-01-01
2025;1;SUS;USG;19;2025-01-01
2025;1;SUS;EDA;22;2025-01-01
2025;1;PARTICULAR;ECO;6;2025-01-01
2025;1;PARTICULAR;EEG;3;2025-01-01
2025;1;PARTICULAR;ECG;21;2025-01-01
2025;1;PARTICULAR;TESTEERGOMÉTRICO;13;2025-01-01
2025;1;PARTICULAR;HOLTER;5;2025-01-01
2025;1;PARTICULAR;MAPA;2;2025-01-01
2025;1;PARTICULAR;USG;95;2025-01-01
2025;1;PARTICULAR;RM;36;2025-01-01
2025;1;SUS;COLONO;3;2025-01-01
2025;1;PARTICULAR;EDA;5;2025-01-01
2025;1;PARTICULAR;COLONO;5;2025-01-01
2025;1;PARTICULAR;RAIOX;47;2025-01-01
2025;1;PARTICULAR;ESPIRO;3;2025-01-01
2025;1;PARTICULAR;VALOR;1019;2025-01-01
2025;1;SUS;RM;5;2025-01-01
2025;1;SUS;MAMO;152;2025-01-01
2025;1;PARTICULAR;MAMO;8;2025-01-01
2025;2;CONVENIO;TESTEERGOMÉTRICO;3;2025-02-01
2025;2;CONVENIO;ECG;12;2025-02-01
2025;2;CONVENIO;EEG;5;2025-02-01
2025;2;SUS;ENM;35;2025-02-01
2025;2;SUS;VALOR;298;2025-02-01
2025;2;CONVENIO;HOLTER;7;2025-02-01
2025;2;SUS;POLISSO;8;2025-02-01
2025;2;CONVENIO;ECO;13;2025-02-01
2025;2;CONVENIO;MAPA;13;2025-02-01
2025;2;CONVENIO;EDA;23;2025-02-01
2025;2;CONVENIO;RM;38;2025-02-01
2025;2;CONVENIO;MAMO;24;2025-02-01
2025;2;CONVENIO;COLONO;13;2025-02-01
2025;2;CONVENIO;RAIOX;53;2025-02-01
2025;2;CONVENIO;POLISSO;1;2025-02-01
2025;2;CONVENIO;ESPIRO;3;2025-02-01
2025;2;SUS;RAIOX;160;2025-02-01
2025;2;SUS;VALOR;365;2025-02-01
2025;2;CONVENIO;USG;156;2025-02-01
2025;2;CONVENIO;VALOR;222;2025-02-01
2025;2;SUS;EDA;18;2025-02-01
2025;2;SUS;RM;4;2025-02-01
2025;2;SUS;MAMO;187;2025-02-01
2025;2;PARTICULAR;ECO;11;2025-02-01
2025;2;PARTICULAR;EEG;5;2025-02-01
2025;2;PARTICULAR;ECG;13;2025-02-01
2025;2;PARTICULAR;TESTEERGOMÉTRICO;6;2025-02-01
2025;2;PARTICULAR;HOLTER;2;2025-02-01
2025;2;PARTICULAR;USG;111;2025-02-01
2025;2;PARTICULAR;RM;39;2025-02-01
2025;2;PARTICULAR;MAMO;15;2025-02-01
2025;2;PARTICULAR;MAPA;1;2025-02-01
2025;2;PARTICULAR;COLONO;14;2025-02-01
2025;2;PARTICULAR;EDA;17;2025-02-01
2025;2;SUS;TESTEERGOMÉTRICO;33;2025-02-01
2025;2;SUS;ECO;16;2025-02-01
2025;2;PARTICULAR;VALOR;257;2025-02-01
2025;2;SUS;USG;41;2025-02-01
2025;2;PARTICULAR;POLISSO;1;2025-02-01
2025;2;PARTICULAR;RAIOX;52;2025-02-01
2025;2;PARTICULAR;ESPIRO;3;2025-02-01
2025;3;CONVENIO;HOLTER;13;2025-03-01
2025;3;SUS;POLISSO;10;2025-03-01
2025;3;SUS;VALOR;518;2025-03-01
2025;3;CONVENIO;ECO;14;2025-03-01
2025;3;CONVENIO;EEG;4;2025-03-01
2025;3;CONVENIO;ECG;28;2025-03-01
2025;3;CONVENIO;TESTEERGOMÉTRICO;8;2025-03-01
2025;3;CONVENIO;MAPA;11;2025-03-01
2025;3;SUS;RAIOX;89;2025-03-01
2025;3;SUS;VALOR;477;2025-03-01
2025;3;CONVENIO;RM;34;2025-03-01
2025;3;CONVENIO;MAMO;25;2025-03-01
2025;3;CONVENIO;EDA;13;2025-03-01
2025;3;CONVENIO;COLONO;7;2025-03-01
2025;3;CONVENIO;RAIOX;53;2025-03-01
2025;3;CONVENIO;ESPIRO;3;2025-03-01
2025;3;CONVENIO;VALOR;444;2025-03-01
2025;3;CONVENIO;USG;116;2025-03-01
2025;3;SUS;EDA;21;2025-03-01
2025;3;PARTICULAR;MAMO;9;2025-03-01
2025;3;SUS;RM;3;2025-03-01
2025;3;SUS;MAMO;171;2025-03-01
2025;3;PARTICULAR;ECO;8;2025-03-01
2025;3;PARTICULAR;EEG;4;2025-03-01
2025;3;PARTICULAR;ECG;13;2025-03-01
2025;3;PARTICULAR;HOLTER;4;2025-03-01
2025;3;PARTICULAR;USG;80;2025-03-01
2025;3;PARTICULAR;RM;35;2025-03-01
2025;3;PARTICULAR;EDA;16;2025-03-01
2025;3;PARTICULAR;TESTEERGOMÉTRICO;7;2025-03-01
2025;3;PARTICULAR;RAIOX;22;2025-03-01
2025;3;PARTICULAR;POLISSO;1;2025-03-01
2025;3;PARTICULAR;ESPIRO;2;2025-03-01
2025;3;PARTICULAR;VALOR;398;2025-03-01
2025;3;SUS;ECO;73;2025-03-01
2025;3;SUS;TESTEERGOMÉTRICO;1;2025-03-01
2025;3;SUS;USG;48;2025-03-01
2025;3;PARTICULAR;COLONO;13;2025-03-01
2025;4;CONVENIO;TESTEERGOMÉTRICO;16;2025-04-01
2025;4;CONVENIO;ECG;22;2025-04-01
2025;4;CONVENIO;EEG;8;2025-04-01
2025;4;SUS;RAIOX;53;2025-04-01
2025;4;SUS;VALOR;375;2025-04-01
2025;4;SUS;POLISSO;3;2025-04-01
2025;4;CONVENIO;HOLTER;19;2025-04-01
2025;4;CONVENIO;ECO;21;2025-04-01
2025;4;CONVENIO;MAPA;13;2025-04-01
2025;4;SUS;VALOR;459;2025-04-01
2025;4;CONVENIO;RM;55;2025-04-01
2025;4;CONVENIO;MAMO;23;2025-04-01
2025;4;CONVENIO;EDA;19;2025-04-01
2025;4;CONVENIO;COLONO;19;2025-04-01
2025;4;CONVENIO;RAIOX;63;2025-04-01
2025;4;CONVENIO;POLISSO;1;2025-04-01
2025;4;CONVENIO;VALOR;349;2025-04-01
2025;4;SUS;EDA;8;2025-04-01
2025;4;CONVENIO;USG;168;2025-04-01
2025;4;SUS;MAMO;177;2025-04-01
2025;4;SUS;COLONO;1;2025-04-01
2025;4;SUS;USG;122;2025-04-01
2025;4;SUS;RM;6;2025-04-01
2025;4;PARTICULAR;ECO;20;2025-04-01
2025;4;PARTICULAR;EEG;5;2025-04-01
2025;4;PARTICULAR;ECG;22;2025-04-01
2025;4;PARTICULAR;TESTEERGOMÉTRICO;18;2025-04-01
2025;4;PARTICULAR;HOLTER;4;2025-04-01
2025;4;PARTICULAR;USG;156;2025-04-01
2025;4;PARTICULAR;RM;35;2025-04-01
2025;4;PARTICULAR;MAMO;13;2025-04-01
2025;4;PARTICULAR;MAPA;5;2025-04-01
2025;4;PARTICULAR;COLONO;8;2025-04-01
2025;4;PARTICULAR;RAIOX;39;2025-04-01
2025;4;PARTICULAR;POLISSO;2;2025-04-01
2025;4;PARTICULAR;ESPIRO;3;2025-04-01
2025;4;PARTICULAR;COLPOSCOPIA;2;2025-04-01
2025;4;PARTICULAR;VALOR;363;2025-04-01
2025;4;SUS;ECO;45;2025-04-01
2025;4;SUS;TESTEERGOMÉTRICO;28;2025-04-01
2025;4;PARTICULAR;EDA;19;2025-04-01
2025;5;SUS;VALOR;5;2025-05-01
2025;5;CONVENIO;EEG;9;2025-05-01
2025;5;CONVENIO;ECO;7;2025-05-01
2025;5;SUS;VALOR;2;2025-05-01
2025;5;SUS;COLONO;1;2025-05-01
2025;5;SUS;POLISSO;13;2025-05-01
2025;5;SUS;RAIOX;130;2025-05-01
2025;5;CONVENIO;ECG;28;2025-05-01
2025;5;SUS;ENM;13;2025-05-01
2025;5;CONVENIO;TESTEERGOMÉTRICO;7;2025-05-01
2025;5;CONVENIO;VALOR;4;2025-05-01
2025;5;CONVENIO;MAPA;13;2025-05-01
2025;5;CONVENIO;USG;126;2025-05-01
2025;5;CONVENIO;RM;66;2025-05-01
2025;5;CONVENIO;MAMO;21;2025-05-01
2025;5;CONVENIO;EDA;25;2025-05-01
2025;5;CONVENIO;COLONO;12;2025-05-01
2025;5;CONVENIO;RAIOX;69;2025-05-01
2025;5;CONVENIO;ESPIRO;3;2025-05-01
2025;5;SUS;EDA;24;2025-05-01
2025;5;CONVENIO;HOLTER;14;2025-05-01
2025;5;SUS;MAMO;251;2025-05-01
2025;5;PARTICULAR;POLISSO;1;2025-05-01
2025;5;SUS;USG;18;2025-05-01
2025;5;SUS;RM;11;2025-05-01
2025;5;PARTICULAR;EEG;5;2025-05-01
2025;5;PARTICULAR;ECG;26;2025-05-01
2025;5;PARTICULAR;TESTEERGOMÉTRICO;10;2025-05-01
2025;5;PARTICULAR;HOLTER;5;2025-05-01
2025;5;PARTICULAR;MAPA;10;2025-05-01
2025;5;PARTICULAR;USG;129;2025-05-01
2025;5;PARTICULAR;RM;30;2025-05-01
2025;5;PARTICULAR;MAMO;15;2025-05-01
2025;5;PARTICULAR;EDA;25;2025-05-01
2025;5;PARTICULAR;ECO;13;2025-05-01
2025;5;PARTICULAR;RAIOX;52;2025-05-01
2025;5;PARTICULAR;COLONO;7;2025-05-01
2025;5;SUS;TESTEERGOMÉTRICO;101;2025-05-01
2025;5;SUS;ECO;13;2025-05-01
2025;5;PARTICULAR;VALOR;1;2025-05-01
2025;5;SUS;HOLTER;10;2025-05-01
2025;5;PARTICULAR;COLPOSCOPIA;1;2025-05-01
2025;5;PARTICULAR;ESPIRO;4;2025-05-01
2025;5;PARTICULAR;ENM;1;2025-05-01
2025;5;PARTICULAR;LAB;92;2025-05-01
2025;6;CONVENIO;TESTEERGOMÉTRICO;7;2025-06-01
2025;6;SUS;ENDOS;14;2025-06-01
2025;6;SUS;COLONO;14;2025-06-01
2025;6;SUS;RAIOX;58;2025-06-01
2025;6;CONVENIO;ECOD;9;2025-06-01
2025;6;CONVENIO;EEG;4;2025-06-01
2025;6;CONVENIO;ECG;12;2025-06-01
2025;6;SUS;MAMO;194;2025-06-01
2025;6;CONVENIO;RM;60;2025-06-01
2025;6;CONVENIO;MAPA;14;2025-06-01
2025;6;CONVENIO;USG;91;2025-06-01
2025;6;CONVENIO;MAMO;19;2025-06-01
2025;6;CONVENIO;ENDOS;18;2025-06-01
2025;6;CONVENIO;RAIOX;38;2025-06-01
2025;6;CONVENIO;ESPIRO;3;2025-06-01
2025;6;SUS;HOLTER;11;2025-06-01
2025;6;SUS;RM;16;2025-06-01
2025;6;CONVENIO;HOLTER;17;2025-06-01
2025;6;SUS;USG;36;2025-06-01
2025;6;PARTICULAR;MAMO;10;2025-06-01
2025;6;SUS;TESTEERGOMÉTRICO;67;2025-06-01
2025;6;SUS;MAPA;1;2025-06-01
2025;6;PARTICULAR;ECOD;10;2025-06-01
2025;6;PARTICULAR;EEG;7;2025-06-01
2025;6;PARTICULAR;ECG;41;2025-06-01
2025;6;PARTICULAR;TESTEERGOMÉTRICO;5;2025-06-01
2025;6;PARTICULAR;HOLTER;3;2025-06-01
2025;6;PARTICULAR;MAPA;6;2025-06-01
2025;6;PARTICULAR;USG;88;2025-06-01
2025;6;PARTICULAR;RM;56;2025-06-01
2025;6;PARTICULAR;ENDOS;17;2025-06-01
2025;6;PARTICULAR;COLONO;12;2025-06-01
2025;6;PARTICULAR;RAIOX;29;2025-06-01
2025;6;PARTICULAR;POLISSO;1;2025-06-01
2025;6;PARTICULAR;ESPIRO;35;2025-06-01
2025;6;PARTICULAR;COLPOSCOPIA;2;2025-06-01
2025;6;PARTICULAR;LAB;130;2025-06-01
2025;6;SUS;ECOD;23;2025-06-01
2025;6;SUS;HOLTER;3;2025-06-01
2025;6;SUS;POLISSO;8;2025-06-01
